Node ID,X,Y
0,0.0,0.0
1,9.225672464706054,2.7257668645722437
2,3.354789987165838,40.67682859438579
3,16.983624310027057,43.6122698331559
4,15.93525243903773,54.305662917247005
5,0.4193487483957298,52.208919175268356
