Node ID,X,Y
0,0.0,0.0
1,35.40441790945739,8.684102506093323
2,13.360157701682036,135.60560067207265
