Node ID,X,Y
0,0.0,0.0
1,28.71892265299351,6.788108990707556
2,6.788108990707556,101.82163486061334
